Recursos	Proximitat dels proveïdors	Cap proveïdor pertany a l'àmbit d'actuació Leader ADRcatcentral	Entre un 1 i un 25% de les compres (en €) es realitzen a proveïdors de l'àmbit d'actuació Leader ADRcatcentral	Més del 25% de les compres (en €) es realitzen a proveïdors de l’àmbit d’actuació Leader ADRcatcentral	-	"<table border=""0"" cellspacing=""0""><colgroup width=""3500""></colgroup>
<tbody>
<tr>
<td align=""left"" height=""122"">Un dels principis de l&rsquo;economia circular &eacute;s el foment de l&rsquo;economia de proximitat, prioritzant el consum local i de temporada. Per determinar la proximitat dels prove&iuml;dors, es calcular&agrave; el percentatge de compres a prove&iuml;dors de l&rsquo;&agrave;mbit Leader ADRcatcentral. Dintre d&rsquo;aquest c&agrave;lcul s&rsquo;exclouen els prove&iuml;dors d&rsquo;aigua i energia i els de bens d&rsquo;equip (maquin&agrave;ria, equipament el&egrave;ctric, i material de transport)<br /><br />Rati proximitat = Compres a proveedors de l'&agrave;mbit Leader ADRcatcentral (en &euro;) / Total compres (en &euro;)<br /><strong>Qu&egrave; &eacute;s l&rsquo;&agrave;mbit Leader ADRcatcentral?</strong><br /><br />Aquest &agrave;mbit representa un dels grups d&rsquo;acci&oacute; local de Catalunya que engloba les comarques de la Catalunya Central. El mapa de grups d&rsquo;acci&oacute; de Catalunya es pot consultar al web http://www.desenvolupamentrural.cat/gals.</td>
</tr>
</tbody>
</table>"	Projecte en curs per a augmentar el percentatge de matèries primeres provinents de l’àmbit Leader ADRcatcentral	Llistat de proveïdors, procedències i volum de compres.	Augmentar el percentatge de matèries primeres provinents de l’àmbit Leader ADRcatcentral
Recursos	Ús de productes químics tòxics (substàncies etiquetades amb pictogrames de perillositat que entrin dintre de les següents categories: GHS05 – substàncies corrosives; GHS06 – toxicitat aguda categoria 1; GHS07 – toxicitat aguda categoria 4; GHS08 – cancerigen; GSH09 – perjudicial pel medi ambient)	S'utilitzen un o més productes químics tòxics per als processos productius o durant el desenvolupament de l'activitat principal de l'empresa.	No s'utilitzen productes químics tòxics per als processos productius o durant el desenvolupament de l'activitat principal de l'empresa, però s'utilitzen productes químics tòxics per activitats complementàries (neteja, sanejament, etc.)	No s'utilitza cap producte químic tòxic.	-	"<table border=""0"" cellspacing=""0""><colgroup width=""3500""></colgroup>
<tbody>
<tr>
<td align=""left"" height=""42"">
<p><strong>Qu&egrave; es consideren productes qu&iacute;mics t&ograve;xics?</strong><br />Els productes qu&iacute;mics tenen un sistema d&rsquo;etiquetatge que donen al consumidor informaci&oacute; sobre la composici&oacute; del producte i advert&egrave;ncies de la perillositat.</p>
<p>Considerarem productes qu&iacute;mics t&ograve;xics els etiquetats segons els codis seg&uuml;ents:</p>
<ul>
<li>GHS05 &ndash; subst&agrave;ncies corrosives;</li>
<li>GHS06 &ndash; toxicitat aguda categoria 1;</li>
<li>GHS07 &ndash; toxicitat aguda categoria 4;</li>
<li>GHS08 &ndash; cancerigen;</li>
<li>GSH09 &ndash; perjudicial pel medi ambient.</li>
</ul>
</td>
</tr>
</tbody>
</table>"	Projecte en curs per substituir els productes químics tòxics utilitzats per productes innocus que respectin la salut humana i el medi ambient.		Substituir els productes químics tòxics per productes innocus que respectin la salut humana i el medi ambient.
Recursos	Polítiques de compra verda	Menys d'un quart de les compres a proveïdors (en €) compleixen criteris de sostenibilitat.	Entre un quart i la meitat de les compres a proveïdors (en €) compleixen criteris de sostenibilitat.	Més de la meitat de les compres a proveïdors (en €) compleixen criteris de sostenibilitat.	-	"<table border=""0"" cellspacing=""0""><colgroup width=""3500""></colgroup>
<tbody>
<tr>
<td align=""left"" height=""62""><strong>Qu&egrave; &eacute;s la compra verda?</strong><br />&Eacute;s una eina per a assolir els objectius de les pol&iacute;tiques ambientals relacionades amb la utilitzaci&oacute; de recursos i la producci&oacute; i consum sostenibles, el canvi clim&agrave;tic, la millora de la qualitat de l&rsquo;aire, etc. Segons aquesta eina, les autoritats p&uacute;bliques i les empreses privades intenten adquirir productes, serveis i obres amb un impacte ambiental redu&iuml;t.<br />Exemples:</td>
</tr>
</tbody>
</table>"	 Projecte en curs per incloure criteris de compra verda		Incloure criteris de compra verda relacionats amb la utilització de recursos i la producció i consum sostenibles, el canvi climàtic, la millora de la qualitat de l’aire, etc., per adquirir productes, serveis i obres amb un impacte ambiental reduït.
Recursos	Polítiques de compra verda relatives a l’embalatge i envasat de productes i matèries primeres 	No s’aplica cap criteri de compra verda relacionada amb l’embalatge i envasat dels productes servits pels proveïdors.  	S’apliquen criteris de compra verda relacionats amb l’embalatge i envasat a una categoria de producte.	S’apliquen criteris de compra verda relacionats amb l’embalatge i envasat a dos o més categories de producte.	-	"<table border=""0"" cellspacing=""0""><colgroup width=""3500""></colgroup>
<tbody>
<tr>
<td align=""left"" height=""343"">
<p><strong>Perqu&egrave; l&rsquo;embalatge i envasat &eacute;s important per l&rsquo;economia circular?</strong><br />El material utilitzat com a recipient o embolcall d&rsquo;un producte &eacute;s un factor clau per l&rsquo;economia circular, donat que &eacute;s un focus de generaci&oacute; de residus que poden minimitzar-se aplicant criteris de compra basats en la disminuci&oacute; de la quantitat de material utilitzat per l&rsquo; embalatge, la tria de materials amb menys impacte ambiental o que puguin reutilitzar-se i reciclar-se per a allargar la seva vida &uacute;til.<br /><br /><strong>Quines pol&iacute;tiques de compra verda relatives a l&rsquo;embalatge i envasat de mat&egrave;ries primeres es poden implementar?</strong></p>
<ul>
<li>Triar els prove&iuml;dors o productes que utilitzin una menor quantitat de material d&rsquo;embalatge i envasat, prioritzant aquells que serveixin productes a granel.</li>
<li>Seleccionar prove&iuml;dors que ofereixin servei de retorn d&rsquo;embalatge i envasos.</li>
<li>Seleccionar productes envasats amb materials biodegradables i compostables.</li>
<li>Seleccionar productes envasats amb materials reciclats i reciclables.</li>
<li>Evitar productes amb embalatges o envasos innecessaris (overpackaging).</li>
</ul>
<p><strong>Qu&egrave; s&oacute;n els productes a granel?</strong></p>
<p>S&oacute;n productes que es venen sense envasar ni empaquetar. Aquesta opci&oacute; de comercialitzaci&oacute; estalvia una gran quantitat de materials, principalment pl&agrave;stics, que normalment es transformen en un residu immediatament despr&eacute;s de l&rsquo;&uacute;s del producte que contenen.<br /><br /><strong>Qu&egrave; s&oacute;n els envasos compostables?</strong><br />Els envasos compostables s&oacute;n envasos fabricats amb materials org&agrave;nics que provenen de fonts renovables i que poden ser eliminats com a residus org&agrave;nics, que es descomponen en un per&iacute;ode de temps curt en pres&egrave;ncia de microorganismes. A m&eacute;s, compleixen que es degraden en &ldquo;humus&rdquo;, que no impedeix el creixement normal de la planta i proporciona nutrients al s&ograve;l, i no alliberen metalls o toxines.<br />Per a recon&egrave;ixer si un env&agrave;s &eacute;s compostable, cal buscar una etiqueta que indiqui aquesta caracter&iacute;stica. <br />Alguns exemples:</p>
</td>
</tr>
</tbody>
</table>"	Projecte en curs per incloure criteris de compra verda relacionats amb l'embalatge i envasat de les matèries primeres.		"Incloure criteris de compra verda relacionats amb l'embalatge i envasat al màxim nombre de categories de producte:
<ol><li>    Triar els proveïdors o productes que utilitzin una menor quantitat de material d’embalatge i envasat, prioritzant aquells que serveixin productes a granel.</li>  
<li>    Seleccionar proveïdors que ofereixin servei de retorn d’embalatge i envasos.</li>  
<li>    Seleccionar productes envasats amb materials biodegradables i compostables.</li>  
<li>    Seleccionar productes envasats amb materials reciclats i reciclables.</li>  
<li>    Evitar productes amb embalatges o envasos innecessaris (overpackaging).</li></ol>  "
Recursos	Polítiques de compra verda relatives a la durabilitat	Més d'un quart de les compres a proveïdors (en €) són productes d'un sol ús (productes que després de ser usats una vegada o un nombre limitat de vegades, ja no són aprofitables i es converteixen en residu).	Menys d'un quart de les compres a proveïdors (en €) són productes d'un sol ús (productes que després de ser usats una vegada o un nombre limitat de vegades, ja no són aprofitables i es converteixen en residu).	Cap compra a proveïdor inclou productes d'un sol ús (productes que després de ser usats una vegada o un nombre limitat de vegades, ja no són aprofitables i es converteixen en residu).	-	"<table border=""0"" cellspacing=""0""><colgroup width=""3500""></colgroup>
<tbody>
<tr>
<td align=""left"" height=""122"">
<p><strong>Qu&egrave; son els productes d&rsquo;un sol &uacute;s?</strong><br />Productes que despr&eacute;s de ser usats una vegada o un nombre limitat de vegades, ja no s&oacute;n aprofitables i es converteixen en residu.<br />Exemples:</p>
<ul>
<li>Guants de l&agrave;tex</li>
<li>Bates d'un sol &uacute;s</li>
<li>Gots/plats/coberts de cartr&oacute; o pl&agrave;stic no reutilitzable</li>
</ul>
</td>
</tr>
</tbody>
</table>"	Projecte en curs per incloure criteris de compra verda relacionats amb la durabilitat dels productes adquirits per al desenvolupament de les activitats de l'empresa o entitat.		"Incloure criteris de compra verda relacionats amb la durabilitat dels productes adquirits:
<ol><li>    Evitar els productes d’un sol ús sempre que hi haig una alternativa de major durabilitat al mercat. </li>
<li>    Prioritzar els productes amb una vida útil més llarga.</li></ol>"
Recursos	Foment de l’emprenedoria verda i circular	L’entitat no té cap instrument que fomenti l’emprenedoria verda i circular en el teixit empresarial local.	L’entitat té un o més instruments que fomenten l’emprenedoria verda i circular en el teixit empresarial local.	-	-	"<table border=""0"" cellspacing=""0""><colgroup width=""3500""></colgroup>
<tbody>
<tr>
<td align=""left"" height=""122"">
<p>Per avan&ccedil;ar cap a una economia circular, &eacute;s important tenir una figura que generi sin&egrave;rgies entre els diferents actors i empreses que formen el teixit empresarial i que impulsi projectes d&rsquo;emprenedoria verda i circular. Les iniciatives que fomenten els projectes empresarials d&rsquo;economia verda i circular inclouen:</p>
<ul>
<li>Suport financer. Exemple: Provisi&oacute; de capital o garanties financeres per a projectes d&rsquo;economia circular.</li>
<li>Suport t&egrave;cnic i orientaci&oacute;. Exemple: Oficina d&rsquo;atenci&oacute; a l&rsquo;empresa per tal d&rsquo;orientar en l&rsquo;&agrave;mbit de l&rsquo;economia circular.</li>
<li>Promoci&oacute; de nous reptes. Exemple: Concursos i premis per al foment d&rsquo;idees de negoci circulars.</li>
<li>Esquemes de comunicaci&oacute; i sensibilitzaci&oacute;. Exemple: Difusi&oacute; de bones pr&agrave;ctiques i casos d&rsquo;&egrave;xit.</li>
<li>Creaci&oacute; de plataformes de col&middot;laboraci&oacute; (intercanvi de recursos i informaci&oacute;). Exemple: plataforma d&rsquo;intercanvi de roba usada; plataforma d'intercanvi de subproductes entre empreses.</li>
</ul>
</td>
</tr>
</tbody>
</table>"	Projecte en curs per impulsar iniciatives que fomentin l'emprenedoria verda i circular al teixit empresarial local.		"Impulsar iniciatives que fomentin l'emprenedoria verda i circular al teixit empresarial local:
<ol><li>    Suport financer. Exemple: Provisió de capital o garanties financeres per a projectes d’economia circular. </li>  
<li>    Suport tècnic i orientació. Exemple: Oficina d’atenció a l’empresa per tal d’orientar en l’àmbit de l’economia circular.</li>  
<li>    Promoció de nous reptes. Exemple: Concursos i premis per al foment d’idees de negoci circulars.</li>  
<li>    Esquemes de comunicació i sensibilització. Exemple: Difusió de bones pràctiques i casos d’èxit.</li></ol>  "
Fabricació i distribució	Pla d'estratègia energètica amb criteris verds i circulars 	Actualment no s'està implementant cap pla de millora de l'estratègia energètica amb objectius definits i concrets d'inclusió de criteris verds i circulars a curt i llarg termini.	Actualment s'està implementant un pla de millora de l'estratègia energètica amb objectius definits i concrets d'inclusió de criteris verds i circulars de millora a curt i llarg termini.	-	-	"<table border=""0"" cellspacing=""0""><colgroup width=""3500""></colgroup>
<tbody>
<tr>
<td align=""left"" height=""82"">
<p>L&rsquo;estrat&egrave;gia energ&egrave;tica d&rsquo;una entitat o d&rsquo;una empresa inclou el conjunt de pr&agrave;ctiques i pol&iacute;tiques per actuar sobre la quantitat, cost, proced&egrave;ncia, sostenibilitat i seguretat de les fonts d&rsquo;energia. Per a millorar la circularitat de l&rsquo;entitat, l&rsquo;estrat&egrave;gia pot incloure criteris verds i circulars relatius a:</p>
<ul>
<li>Efici&egrave;ncia energ&egrave;tica per a la reducci&oacute; del consum</li>
<li>&Uacute;s d&rsquo;energies renovables (per exemple, fotovoltaica, solar, t&egrave;rmica o biomassa)</li>
<li>Valoritzaci&oacute; energ&egrave;tica de residus</li>
</ul>
</td>
</tr>
</tbody>
</table>"	Projecte en curs per definir un pla de millora de l'estratègia energètica amb objectius definits i concrets d'inclusió de criteris verds i circulars a curt i llarg termini.		Incloure criteris d'economia circular i verda a l'estratègia energètica, millorant l'eficiència energètica per a reduir el consum i augmentant l'ús d'energies procedents de fonts renovables.
Fabricació i distribució	Ús de fonts d’energia renovables (electricitat i combustible, sense tenir en compte el transport)	No s’utilitzen fonts d’energia renovables.	Es disposa d’un contracte energètic amb un proveïdor d’energia d’origen renovable amb certificat.	Es disposa d’instal·lacions d’autogeneració d’energia (sistema fotovoltaic, caldera de biomassa, plantes de biogàs, etc.)	-	"<table border=""0"" cellspacing=""0""><colgroup width=""3500""></colgroup>
<tbody>
<tr>
<td align=""left"" height=""42""><strong>Qu&egrave; s&oacute;n les energies renovables?</strong><br />Conjunt de fonts d&rsquo;energia naturals i inesgotables, donat que tenen la capacitat de regenerar-se per mitjans naturals. S&rsquo;inclouen en aquest grup l&rsquo;energia e&ograve;lica, geot&egrave;rmica, hidroel&egrave;ctrica, mareomotriu, solar, biomassa i biocarburants.</td>
</tr>
</tbody>
</table>"	Projecte en curs per canviar al proveïdor d'energia de l'empresa de manera que l'energia utilitzada provingui de fonts renovables i/o per implantar instal·lacions d'autogeneració d'energia		Canviar al proveïdor d'energia de l'empresa de manera que l'energia utilitzada provingui de fonts renovables i estudiar la viabilitat d'implantar instal·lacions d'autogeneració d'energia (sistema fotovoltaic, caldera de biomassa, plantes de biogàs, etc.)
Fabricació i distribució	Certificacions ambientals (ISO 50001, ISO 14001, EMAS, Biosphere, etc.) 	L’empresa no disposa de cap certificació ambiental.	L’empresa disposa d’una certificació ambiental.	L’empresa disposa de dos o més certificacions ambientals.	-	"<table border=""0"" cellspacing=""0""><colgroup width=""3500""></colgroup>
<tbody>
<tr>
<td align=""left"" height=""162"">
<p><strong>Qu&egrave; s&oacute;n les certificacions ambientals?</strong><br />S&oacute;n la comprovaci&oacute; per part d&rsquo;un organisme d&rsquo;avaluaci&oacute; de que un producte, servei o empresa compleix els requeriments especificats per una determinada normativa ambiental. <br /><strong>Quines certificacions ambientals existeixen?</strong><br />Existeixen una gran quantitat de certificacions ambientals, entre elles:</p>
<ul>
<li>ISO 5001 - Certificaci&oacute; del Sistema de Gesti&oacute; Energ&egrave;tica: assegura el control i seguiment dels aspectes relacionats amb la energia i la millora continua de la efici&egrave;ncia energ&egrave;tica.</li>
<li>ISO 14001 &ndash; Certificaci&oacute; del Sistema de Gesti&oacute; Ambiental: assegura l&rsquo;equilibri entre rendibilitat econ&ograve;mica i impacte ambiental m&iacute;nim.</li>
<li>EMAS &ndash; Sistema Comunitari de Gesti&oacute; i Auditoria Ambiental: reglament comunitari europeu que reconeix les organitzacions que milloren el seu acompliment ambiental de forma cont&iacute;nua.</li>
<li>Biosphere &ndash; Certificaci&oacute; de Turisme Sostenible: assegura la promoci&oacute; de models de turisme nous no agressius amb el medi ambient.</li>
</ul>
</td>
</tr>
</tbody>
</table>"	Projecte en curs per obtenir una o més certificacions ambientals.		Obtenir les certificacions ambientals més adequades per l'empresa.
Fabricació i distribució	Percentatge de VEA (Vehicles amb Energies Alternatives) utilitzats per a la distribució de productes i el trasllat d'empleats.	La flota de vehicles no té cap VEA.	La flota de vehicles té entre un 1 i un 20% de VEA.	La flota de vehicles té més d'un 20% de VEA.	-	"<table border=""0"" cellspacing=""0""><colgroup width=""3500""></colgroup>
<tbody>
<tr>
<td align=""left"" height=""182""><strong>Qu&egrave; s&oacute;n els VEA (Vehicles amb Energies Alternatives)?</strong><br />Els VEA (Vehicles amb Energies Alternatives) s&oacute;n mitjans de transport que no utilitzen energies f&ograve;ssils pel seu funcionament. Dintre d&rsquo;aquesta definici&oacute; podem incloure els vehicles el&egrave;ctrics, h&iacute;drics, d&rsquo;hidrogen, amb gas natural, solars i biodi&egrave;sel. Els vehicles no motoritzats (bicicletes, patinets, etc.) tamb&eacute; entren dintre d&rsquo;aquesta categoria.<br /><br /><strong>Perqu&egrave; utilitzar energies alternatives?</strong><br />Beneficis energ&egrave;tics: afavorir la diversificaci&oacute; energ&egrave;tica, menys depend&egrave;ncia exterior.<br />Beneficis ambientals: reduir emissions de gasos contaminants.<br />Beneficis a nivell industrial: el desenvolupament d&rsquo;una ind&uacute;stria associada a combustibles alternatius pot posicionar el sector en un mercat clau.<br />M&eacute;s informaci&oacute; al web www.vea.gob.es. <br />Font: IDAE (Instituto para la Diversificaci&oacute;n y Ahorro de Energ&iacute;a)</td>
</tr>
</tbody>
</table>"	Projecte en curs per augmentar el percentatge de VEA a la flota de l'empresa.		
Fabricació i distribució	Generació i utilització de subproductes 	L’empresa no genera ni utilitza subproductes reconeguts per la Agència de Residus de Catalunya.	L’empresa genera o utilitza un o més subproductes reconeguts per la Agència de Residus de Catalunya	-	-	"<table border=""0"" cellspacing=""0""><colgroup width=""3500""></colgroup>
<tbody>
<tr>
<td align=""left"" height=""182"">
<p><strong>Qu&egrave; son els subproductes?</strong><br />S'ent&eacute;n per subproductes aquells residus que s'utilitzen com a substituts de productes comercials i/o de primeres mat&egrave;ries i que es poden recuperar sense necessitat de sotmetre'ls a operacions de tractament.<br />Exemples:</p>
<ul>
<li>La utilitzaci&oacute; de lletada de cal&ccedil;, generada com a residu del proc&eacute;s d'una empresa (productora), per a la neutralitzaci&oacute; d'efluents a la depuradora d'un altra empresa (receptora) en substituci&oacute; d'hidr&ograve;xid s&ograve;dic o c&agrave;lcic.</li>
<li>La utilitzaci&oacute; de retalls de tapes de matal&agrave;s, retalls d&rsquo;escumes o sobrants de talls de les l&iacute;nies de producci&oacute; de feltres d&rsquo;una empresa t&egrave;xtil (productora) per a la producci&oacute; de farciment per a tot tipus de coixins d&rsquo;un altra empresa (receptora).</li>
</ul>
<p>Per m&eacute;s informaci&oacute; consultar la web de residus de la Ag&egrave;ncia de Residus de Catalunya (ARC).<br />La ARC posa a disposici&oacute; d&rsquo;empreses la web de www.residuorecurso.com, per posar en contacte empreses productores de residus amb altres empreses que poden utilitzar aquests residus com a subproductes.<br />Fonts: Ag&egrave;ncia de Residus de Catalunya.</p>
</td>
</tr>
</tbody>
</table>"	Projecte en curs per certificar residus com a subproductes o per adquirir subproductes d'altres empreses com a matèria primera.		Determinar quins residus generats poden ser considerats com a matèries primeres per altres empreses i tramitar el reconeixement de l'Agència de Residus de Catalunya.
Fabricació i distribució	Generació de residus perillosos/especials	Es generen residus classificats com a perillosos/especials per l’Agència de Residus de Catalunya.	No es genera cap residu classificat com a perillós/especial per l’Agència de Residus de Catalunya.	-	-	"<table border=""0"" cellspacing=""0""><colgroup width=""3500""></colgroup>
<tbody>
<tr>
<td align=""left"" height=""62""><strong>Qu&egrave; s&oacute;n els residus perillosos/especials?</strong><br />Tots aquells residus que per la seva naturalesa potencialment contaminant requereixen un tractament espec&iacute;fic i un control peri&ograve;dic i que estan inclosos dins l'&agrave;mbit d'aplicaci&oacute; de la Directiva 91/689/CE, del 12 de desembre.<br />Els residus classificats com a perillosos/especials s&oacute;n: &agrave;cids, aerosols, amiant, bases, bateries, dissolvents, fitosanitaris, fluorescents, medicaments i cosm&egrave;tics, neveres i aparells amb CFC, olis de motor, olis usats no regenerables, petits electrodom&egrave;stics, piles alcalines i altres, piles bot&oacute;, productes particulars i no identificats, productes comburents, radiografies, s&ograve;lids i pastosos i t&ograve;ners.</td>
</tr>
</tbody>
</table>"	Projecte en curs per evitar la generació de residus perillosos o especials.		Evitar la generació de residus perillosos o especials, redissenyant si cal els processos industrials o cercant alternatives a les matèries primeres que generen aquest tipus de residus.
Fabricació i distribució	Percentatge de malbaratament i minves alimentàries  (relació entre el pes dels residus orgànics rebutjats i el pes total de producció)	El percentatge de malbaratament alimentari respecte a la producció anual és superior al 30%.	El percentatge de malbaratament alimentari respecte a la producció anual està entre el 5 i el 30%.	El percentatge de malbaratament alimentari respecte a la producció anual és menor al 5%.	-	"<table border=""0"" cellspacing=""0""><colgroup width=""3500""></colgroup>
<tbody>
<tr>
<td align=""left"" height=""122""><strong>Qu&egrave; &eacute;s el malbaratament alimentari?</strong><br />Aquells aliments segurs i nutritius inicialment destinats al consum hum&agrave; que s&oacute;n rebutjats o utilitzats de manera alternativa (no aliment&agrave;ria) al llarg de les cadenes de subministrament alimentari.<br /><br /><strong>Com calculo el percentatge de malbaratament i minves aliment&agrave;ries?</strong><br />Percentatge anual de malbaratament = Residus org&agrave;nics rebutjats en 1 any(en tones)/Producci&oacute; anual (en tones)<br />M&eacute;s informaci&oacute; al web del Departament d&rsquo;Agricultura, Ramaderia, Pesca i Alimentaci&oacute;.</td>
</tr>
</tbody>
</table>"	Projecte en curs per evitar el malbaratament alimentari.		Aplicar estratègies de prevenció per evitar el malbaratament alimentari. Per exemples concrets segons el tipus d'empresa, consultar el web http://residus.gencat.cat/ca/ambits_dactuacio/prevencio/malbaratament_alimentari/consells/
Ús	Durabilitat del producte 	L’empresa ven productes d’un sol ús (productes que després de ser usats una vegada o un nombre limitat de vegades, ja no són aprofitables i es converteixen en residu).	L’empresa no ven cap producte d’un sol ús i les garanties de tots els productes es limiten a les condicions de la garantia legal.	L’empresa no ven cap producte d’un sol ús i un o més productes compten amb una garantia comercial que millora les condicions de la garantia legal.	L’empresa no ven cap producte d’un sol ús i tots els productes compten amb una garantia comercial que millora les condicions de la garantia legal.  	"<table border=""0"" cellspacing=""0""><colgroup width=""3500""></colgroup>
<tbody>
<tr>
<td align=""left"" height=""122"">
<p><strong>Qu&egrave; &eacute;s la durabilitat d&rsquo;un producte?</strong><br />La durabilitat d&rsquo;un producte fa refer&egrave;ncia a la seva vida &uacute;til abans de convertir-se en un residu. Donat que un dels principis de l&rsquo;economia circular &eacute;s la minimitzaci&oacute; de residus, cal maximitzar la vida &uacute;til dels productes, augmentant la seva durabilitat i reparabilitat, evitant que es converteixin en residus en un per&iacute;ode curt de temps. <br />Per establir la durabilitat dels productes de l&rsquo;empresa, distingim els seg&uuml;ents conceptes:</p>
<ol style=""list-style-type: upper-roman;"">
<li>Productes d&rsquo;un sol &uacute;s: productes dissenyats per a convertir-se en residu despr&eacute;s d&rsquo;un &uacute;nic &uacute;s o un nombre limitat d&rsquo;usos. Exemple: ampolla de pl&agrave;stic no reutilitzable (PET).</li>
<li>Garantia legal: la llei estableix que un producte nou ha d&rsquo;oferir al client una garantia de dos anys, durant els quals, pels productes defectuosos, el client t&eacute; dret de devoluci&oacute;, reparaci&oacute;, rebaixa del preu o resoluci&oacute; del contracte. Per articles de segona m&agrave;, la garantia legal es redueix a 1 any.</li>
<li>Garantia comercial: &eacute;s volunt&agrave;ria i addicional a la garantia legal, sempre millorant les condicions d&rsquo;aquesta &uacute;ltima. Una millora dels drets de garantia implica que l&rsquo;empresa aposta per la durabilitat dels seus productes i, per tant, t&eacute; un millor grau de circularitat que una empresa que nom&eacute;s aplica la garantia legal.</li>
</ol>
</td>
</tr>
</tbody>
</table>"	Projecte en curs per millorar la durabilitat dels productes.		Millorar la durabilitat dels productes utilitzant materials duradors i de qualitat i redissenyant (o escollint) els productes per a que puguin ser reparats. D'aquesta forma, es podran oferir als clients garanties comercials que estenguin el període de cobertura dels productes.
Ús	Residus generats durant l’ús dels productes venuts per l’empresa	Un o més productes necessiten consumibles que generen residus (recàrregues, piles, tintes, etc.).	Cap producte utilitza consumibles, però estan envasats/embalats amb materials no biodegradables ni retornables.	Cap producte utilitza consumibles i un o més productes estan envasats/embalats amb materials biodegradables o retornables.	Cap productes genera residus (ni derivats de consumibles ni d'envasat/embalatge).	"<table border=""0"" cellspacing=""0""><colgroup width=""3500""></colgroup>
<tbody>
<tr>
<td align=""left"" height=""122"">
<p>Un dels principis de l&rsquo;economia circular &eacute;s la minimitzaci&oacute; de residus. En aquesta l&iacute;nia, cal evitar (o reduir el m&agrave;xim possible) els residus que es generen durant l&rsquo;&uacute;s dels productes.<br />Podem distingir quatre escenaris gen&egrave;rics:</p>
<ol style=""list-style-type: upper-roman;"">
<li>L'&uacute;s dels productes requereix consumibles. Exemple: impressores que consumeixen t&ograve;ners de tinta d&rsquo;un sol &uacute;s (no recarregables). </li>
<li>L'&uacute;s dels productes nom&eacute;s genera els residus derivats de l'embalatge. Exemple: aigua embotellada en ampolles de pl&agrave;stic d&rsquo;un sol &uacute;s, que genera l&rsquo;ampolla com a residu.</li>
<li>L'&uacute;s dels productes nom&eacute;s genera els residus derivats de l'embalatge, que est&agrave; compost de materials biodegradables o retornables. Exemple: aigua embotellada en ampolles de pl&agrave;stic biodegradable composat a base d&rsquo;algues, que es descompon un cop s&rsquo;acaba el l&iacute;quid que cont&eacute;.</li>
<li>L'&uacute;s dels productes no genera cap tipus de residus. Exemple: venda de vi a granel.</li>
</ol>
</td>
</tr>
</tbody>
</table>"	Projecte en curs per a evitar residus generats durant l'ús dels productes.		Repensar (o triar) els productes per a minimitzar la quantitat de residus que generen durant el seu ús. En primer lloc, evitant residus derivats de recàrregues o consumibles i, en segon lloc, minimitzant la quantitat de material d'embalatge i l'impacte ambiental del material utilitzat (biodegradable, compostable)
Ús	Productes venuts com a serveis (servitització) 	Tots els productes es venen al consumidor, no s’ofereixen com a servei.	L'empresa ofereix un o més serveis en sustitució a la venta de productes.	Tots els productes de l’empresa s’ofereixen com a servei.  	-	"<table border=""0"" cellspacing=""0""><colgroup width=""3500""></colgroup>
<tbody>
<tr>
<td align=""left"" height=""243"">
<p><strong>Qu&egrave; &eacute;s la servititzaci&oacute;?</strong><br />&Eacute;s el proc&eacute;s de transformaci&oacute; d&rsquo;un model de negoci basat en la venda de productes a l&rsquo;oferiment de serveis. En el proc&eacute;s de servititzaci&oacute; es poden diferenciar tres nivells:</p>
<ol style=""list-style-type: lower-roman;"">
<li>Serveis orientats al producte: el producte &eacute;s l&rsquo;objecte del servei. Els serveis t&iacute;pics d&rsquo;aquesta estrat&egrave;gia s&oacute;n el servei postvenda i reparaci&oacute;. Exemple: servei de reparaci&oacute; de rentadores de particulars. </li>
<li>Serveis orientats a l&rsquo;&uacute;s/acc&eacute;s: els clients paguen per l&rsquo;&uacute;s i l&rsquo;acc&eacute;s als productes. Exemple: servei d&rsquo;acc&eacute;s a l&rsquo;&uacute;s de rentadores (bugaderies autoservei).</li>
<li>Serveis orientats al resultat: el pagament s&rsquo;orienta als resultats complint una certa necessitat. Exemple: servei de bugaderia (el client no posseeix les rentadores, s&rsquo;ofereix un servei que compleix la seva necessitat de &ldquo;tenir roba neta&rdquo;).</li>
</ol>
<p>Altres exemples:</p>
<ul>
<li>Axioma Solutions ofereix un servei integral de teixits quir&uacute;rgics: entrega el producte, el recull i el prepara per a la seva reutilitzaci&oacute;.</li>
<li>SafeChem Europe GMBH ofereix un servei de leasing de productes qu&iacute;mics, on el client paga pel maneig dels mateixos, pagant una tarifa fixa mensual.</li>
<li>Alguns agricultors venen fruites i hortalisses a cooperatives de consumidors, que no paguen pels productes de forma unit&agrave;ria, si no una quota mensual que cobreix la seva necessitat de consum de fruita i verdura.</li>
</ul>
<p>Font: Laboratorio de Ecoinnovaci&oacute;n.</p>
</td>
</tr>
</tbody>
</table>"	Projecte en curs per augmentar les línies de negoci basades en la servitització		Minimitzar les línies de negoci enfocades a vendre productes i estudiar noves possibilitats per a cobrir necessitats de clients a través de serveis.
Ús	Planificació urbanística amb criteris verds i circulars 	L’entitat no té cap projecte que inclogui criteris verds i circulars a la planificació urbanística del territori.	L’entitat té un o més projectes que inclouen criteris verds i circulars a la planificació urbanística del territori.	-	-	"<table border=""0"" cellspacing=""0""><colgroup width=""3500""></colgroup>
<tbody>
<tr>
<td align=""left"" height=""182"">
<p>La planificaci&oacute; urban&iacute;stica &eacute;s un factor important on aplicar criteris verds i de circularitat, per a poder millorar el model de ciutat integrant els conceptes d&rsquo;economia circular. Alguns exemples de quins criteris es poden aplicar a la planificaci&oacute; urban&iacute;stica:</p>
<ul>
<li>Reserva de s&ograve;l per activitats que promoguin l&rsquo;economia circular (tallers de reparaci&oacute;, mercats d&rsquo;intercanvi, etc.)</li>
<li>Establiments de criteris urban&iacute;stics per promoure una ciutat baixa en carboni i circular</li>
<li>Inclusi&oacute; d&rsquo;equipaments i instal&middot;lacions f&agrave;cilment accessibles per una gesti&oacute; circular dels recursos (centres de reparaci&oacute;, de recollida o tractament de residus, etc.)</li>
<li>Inclusi&oacute; de criteris de circularitat en els processos de construcci&oacute;.<br />Alguns exemples de projectes que promouen la circularitat d&rsquo;una ciutat:<br />
<ul>
<li>Recuperaci&oacute; d&rsquo;un solar comunitari i reconversi&oacute; en hort urb&agrave; comunitari.</li>
<li>Recuperaci&oacute; d&rsquo;un edifici p&uacute;blic per a construcci&oacute; d&rsquo;habitatge social amb coberta verda i criteris de circularitat en el proc&eacute;s de construcci&oacute;.</li>
</ul>
</li>
</ul>
</td>
</tr>
</tbody>
</table>"	Projecte en curs per incorporar criteris verds i circulars a la planificació urbanística.		Incorporar criteris verds i circulars a la planificació urbanística, per a poder millorar el model de ciutat integrant conceptes d'economia circular.
Ús	Gestió del transport amb criteris verds i circulars	Actualment no s'està implementant cap pla de millora de l'estratègia de mobilitat i transport amb objectius definits i concrets d'inclusió de criteris verds i circulars a curt i llarg termini.	Actualment s'està implementant un pla de millora de l'estratègia de mobilitat i transport amb objectius definits i concrets d'inclusió de criteris verds i circulars de millora a curt i llarg termini.	-	-	"<table border=""0"" cellspacing=""0""><colgroup width=""3500""></colgroup>
<tbody>
<tr>
<td align=""left"" height=""82"">
<p>Donat que la mobilitat consumeix un part important de l&rsquo;energia, &eacute;s un dels factors clau on aplicar criteris verds i de circularitat. Alguns exemples d&rsquo;aquests criteris s&oacute;n:</p>
<ul>
<li>Ampliar la xarxa de transport p&uacute;blic</li>
<li>Integrar els vehicles el&egrave;ctrics en el model de mobilitat local</li>
<li>Promoci&oacute; de l&rsquo;&uacute;s de la bicicleta</li>
</ul>
</td>
</tr>
</tbody>
</table>"	Projecte en curs per definir un pla de millora de l'estratègia de mobilitat i transport amb objectius definits i concrets d'inclusió de criteris verds i circulars a curt i llarg termini.		Incorporar criteris verds i circulars a la gestió del transport: ampliar la xarxa de transport públic, integrar els vehicles elèctrics en el model de mobilitat local, promocionar l'ús de la bicicleta, etc.
Reparació	Servei de manteniment 	L’empresa no proporciona un servei de manteniment per a reparar els productes usats.	L’empresa proporciona un servei de manteniment per a reparar els productes usats.  	-	-	"<table border=""0"" cellspacing=""0""><colgroup width=""3500""></colgroup>
<tbody>
<tr>
<td align=""left"" height=""23"">Oferir serveis de manteniment permet alinear-se amb l&rsquo;estrat&egrave;gia de reparaci&oacute; de l&rsquo;economia circular, per allargar la vida &uacute;til dels productes, evitant que es converteixin en residus.</td>
</tr>
</tbody>
</table>"	Projecte en curs per oferir als clients un servei de manteniment dels productes.		Oferir als clients un servei de manteniment dels productes, de forma que s'allargui la seva vida útil.
Reús	Servei de recuperació/recol·lecció de productes usats per a la seva reutilització 	No es proporciona un servei de recuperació/recol·lecció de productes usats (ni dels envasos que els contenen) per a la seva reutilització.	Es proporciona un servei de recuperació/recol·lecció de productes usats (o dels envasos que els contenen) per a la seva reutilització.	-	-	"<table border=""0"" cellspacing=""0""><colgroup width=""3500""></colgroup>
<tbody>
<tr>
<td align=""left"" height=""42"">Oferir un servei de recuperaci&oacute;/recol&middot;lecci&oacute; de productes utilitzats per a poder reutilitzar-los permet alinear-se amb l&rsquo;estrat&egrave;gia de reutilitzaci&oacute; de l&rsquo;economia circular, per allargar la vida &uacute;til dels productes reutilitzant-los fins que sigui possible, evitant que es converteixin en residus.<br />&Eacute;s important tenir en compte que els envasos/embalatge tamb&eacute; formen part dels productes. Per aquest motiu, una empresa que recupera envasos per a tornar a utilitzar-los tamb&eacute; est&agrave; oferint un servei de recuperaci&oacute;/recol&middot;lecci&oacute; de productes usats.</td>
</tr>
</tbody>
</table>"	Projecte en curs per oferir als clients un servei de recuperació/recol·lecció de productes (o envasos) utilitzats.		Oferir als clients un servei de recuperació/recol·lecció de productes (o envasos) utilitzats, creant una xarxa de reutilització que allargui la seva vida útil.
Reús	Reaprofitament alimentari	Els productes descartats no s’utilitzen per a valorització material o energètica ni són reutilitzats per organitzacions benèfiques o bancs d’aliments.	Els productes descartats s’utilitzen per a generar energia (valorització energètica) o són reutilitzats per organitzacions benèfiques o bancs d’aliments (valorització material).	-	-	"<table border=""0"" cellspacing=""0""><colgroup width=""3500""></colgroup>
<tbody>
<tr>
<td align=""left"" height=""102"">
<p>El reaprofitament alimentari permet donar una segona vida als aliments/productes alimentaris descartats mitjan&ccedil;ant una valoritzaci&oacute; energ&egrave;tica (s&rsquo;utilitzen per a generar energia) o material (es donen a organitzacions ben&egrave;fiques, bancs d&rsquo;aliments o altres, per evitar que es tractin com a residus).<br />Exemples:</p>
<ul>
<li>Donaci&oacute; dels productes alimentaris descartats a un banc d&rsquo;aliments.</li>
<li>Destinar els productes alimentaris descartats a l&rsquo;alimentaci&oacute; animal.</li>
<li>Valoritzar els productes alimentaris descartats utilitzant-los per produir biog&agrave;s.</li>
</ul>
</td>
</tr>
</tbody>
</table>"	Projecte en curs per donar una segona vida als aliments/productes alimentaris descartats.		Donar una segona vida als aliments/productes alimentaris descartats mitjançant valoració material (donacions a organitzacions benèfiques, bancs d'aliments, etc.) o energètica (generació d'energia).
Remanufactura	Modularitat del producte 	Cap dels productes venuts es pot desmuntar per a reutilitzar o substituir alguna de les seves parts.	Entre un 1% i un 50% dels productes venuts són desmuntables, de forma que les seves parts es poden reutilitzar o substituir.	Més d’un 50% dels productes venuts són desmuntables, de forma que les seves parts es poden reutilitzar o substituir.  	-	"<table border=""0"" cellspacing=""0""><colgroup width=""3500""></colgroup>
<tbody>
<tr>
<td align=""left"" height=""23"">Per a poder allargar la vida &uacute;til dels productes, minimitzant la generaci&oacute; de residus mitjan&ccedil;ant la reparaci&oacute; i remanufacturaci&oacute;, &eacute;s important que siguin modulars, es puguin desmuntar amb facilitat i tinguin peces substitu&iuml;bles i est&agrave;ndards.</td>
</tr>
</tbody>
</table>"	Projecte en curs per millorar la modularitat dels productes.		Redissenyar (o triar) els productes per a que siguin el més modulars possibles, de forma que siguin fàcilment desmuntables i les seves parts es puguin reutilitzar o substituir.
Reciclatge	Productes reciclables 	Cap dels productes venuts (incloent l’embalatge) té materials separables i/o reciclables.	Entre un 1% i un 50% dels productes venuts (incloent l’embalatge) està format per materials separables i reciclables.	Més d’un 50% dels productes venuts (incloent l’embalatge) està format per materials separables i reciclables.	-	"<table border=""0"" cellspacing=""0""><colgroup width=""3500""></colgroup>
<tbody>
<tr>
<td align=""left"" height=""23"">Quan un producte, segons la seva concepci&oacute; inicial, arriba al final de la seva vida &uacute;til, l&rsquo;economia circular aplica l&rsquo;estrat&egrave;gia del reciclatge per a evitar que es converteixi en un residu, convertint-lo (o a les seves peces) en materials novament utilitzables com a recursos en nous processos de fabricaci&oacute;.</td>
</tr>
</tbody>
</table>"	Projecte en curs per evitar l'ús de materials no reciclables en els productes venuts.		Prioritzar sempre l'ús de materials reciclables en la fabricació/venda dels productes, de forma que puguin convertir-se en nous materials quan arribin al final de la seva vida útil.
